Model,P@5,nDCG@10,MRR
BM25,0.6799999999999999,0.8730070618805833,0.77
Hybrid,0.7,0.8698857796320961,0.9199999999999999
Dense,0.6,0.7466971983967545,0.6644444444444445
